<?xml version="1.0" encoding="UTF-8"?>
<CustomField xmlns="http://soap.sforce.com/2006/04/metadata">
    <fullName>Status__c</fullName>
    <externalId>false</externalId>
    <label>Status</label>
    <required>false</required>
    <trackFeedHistory>false</trackFeedHistory>
    <trackTrending>false</trackTrending>
    <type>Picklist</type>
    <valueSet>
        <valueSetDefinition>
            <sorted>false</sorted>
            <value>
                <fullName>New</fullName>
                <default>false</default>
                <label>New</label>
            </value>
            <value>
                <fullName>Under Consideration</fullName>
                <default>false</default>
                <label>Under Consideration</label>
            </value>
            <value>
                <fullName>In Progress</fullName>
                <default>false</default>
                <label>In Progress</label>
            </value>
            <value>
                <fullName>Implemented</fullName>
                <default>false</default>
                <label>Implemented</label>
            </value>
        </valueSetDefinition>
    </valueSet>
</CustomField>
