<?xml version="1.0" encoding="UTF-8"?>
<CustomField xmlns="http://soap.sforce.com/2006/04/metadata">
    <fullName>Suggestion_Description__c</fullName>
    <externalId>false</externalId>
    <inlineHelpText>Please enter as much detail - including pictures - around this suggestion so we clearly understand your idea.</inlineHelpText>
    <label>Suggestion Description</label>
    <length>32768</length>
    <trackFeedHistory>false</trackFeedHistory>
    <trackTrending>false</trackTrending>
    <type>Html</type>
    <visibleLines>25</visibleLines>
</CustomField>
