<?xml version="1.0" encoding="UTF-8"?>
<CustomField xmlns="http://soap.sforce.com/2006/04/metadata">
    <fullName>Project_Status__c</fullName>
    <externalId>false</externalId>
    <label>Project Status</label>
    <required>false</required>
    <trackFeedHistory>false</trackFeedHistory>
    <trackTrending>false</trackTrending>
    <type>Picklist</type>
    <valueSet>
        <restricted>true</restricted>
        <valueSetDefinition>
            <sorted>false</sorted>
            <value>
                <fullName>Green</fullName>
                <default>false</default>
                <label>Green</label>
            </value>
            <value>
                <fullName>Yellow</fullName>
                <default>false</default>
                <label>Yellow</label>
            </value>
            <value>
                <fullName>Red</fullName>
                <default>false</default>
                <label>Red</label>
            </value>
            <value>
                <fullName>Complete</fullName>
                <default>false</default>
                <label>Complete</label>
            </value>
        </valueSetDefinition>
    </valueSet>
</CustomField>
