<?xml version="1.0" encoding="UTF-8"?>
<CustomField xmlns="http://soap.sforce.com/2006/04/metadata">
    <fullName>Weapons_Status__c</fullName>
    <externalId>false</externalId>
    <label>Weapons Status</label>
    <required>false</required>
    <trackFeedHistory>false</trackFeedHistory>
    <trackTrending>false</trackTrending>
    <type>Picklist</type>
    <valueSet>
        <restricted>true</restricted>
        <valueSetDefinition>
            <sorted>false</sorted>
            <value>
                <fullName>Not Yet Operational</fullName>
                <default>false</default>
                <label>Not Yet Operational</label>
            </value>
            <value>
                <fullName>Fully Operational</fullName>
                <default>false</default>
                <label>Fully Operational</label>
            </value>
        </valueSetDefinition>
    </valueSet>
</CustomField>
