<?xml version="1.0" encoding="UTF-8"?>
<CustomField xmlns="http://soap.sforce.com/2006/04/metadata">
    <fullName>Campsite__c</fullName>
    <externalId>false</externalId>
    <label>Campsite</label>
    <referenceTo>Campsite__c</referenceTo>
    <relationshipLabel>Campsite Reservations</relationshipLabel>
    <relationshipName>Campsite_Reservations</relationshipName>
    <relationshipOrder>0</relationshipOrder>
    <reparentableMasterDetail>false</reparentableMasterDetail>
    <trackTrending>false</trackTrending>
    <type>MasterDetail</type>
    <writeRequiresMasterRead>false</writeRequiresMasterRead>
</CustomField>
