<?xml version="1.0" encoding="UTF-8"?>
<CustomField xmlns="http://soap.sforce.com/2006/04/metadata">
    <fullName>Priority__c</fullName>
    <externalId>false</externalId>
    <label>Priority</label>
    <required>false</required>
    <trackTrending>false</trackTrending>
    <type>Picklist</type>
    <valueSet>
        <restricted>true</restricted>
        <valueSetDefinition>
            <sorted>false</sorted>
            <value>
                <fullName>High</fullName>
                <default>false</default>
                <label>High</label>
            </value>
            <value>
                <fullName>Medium</fullName>
                <default>false</default>
                <label>Medium</label>
            </value>
            <value>
                <fullName>Low</fullName>
                <default>false</default>
                <label>Low</label>
            </value>
        </valueSetDefinition>
    </valueSet>
</CustomField>
