<?xml version="1.0" encoding="UTF-8"?>
<CustomField xmlns="http://soap.sforce.com/2006/04/metadata">
    <fullName>Battle_Station__c</fullName>
    <externalId>false</externalId>
    <label>Battle Station</label>
    <referenceTo>Battle_Station__c</referenceTo>
    <relationshipLabel>Supplies</relationshipLabel>
    <relationshipName>Supplies</relationshipName>
    <relationshipOrder>0</relationshipOrder>
    <reparentableMasterDetail>false</reparentableMasterDetail>
    <trackTrending>false</trackTrending>
    <type>MasterDetail</type>
    <writeRequiresMasterRead>false</writeRequiresMasterRead>
</CustomField>
