<?xml version="1.0" encoding="UTF-8"?>
<CustomField xmlns="http://soap.sforce.com/2006/04/metadata">
    <fullName>Data_Limit__c</fullName>
    <description>Data_Limit</description>
    <externalDeveloperName>Data_Limit</externalDeveloperName>
    <externalId>false</externalId>
    <isFilteringDisabled>false</isFilteringDisabled>
    <isNameField>false</isNameField>
    <isSortingDisabled>false</isSortingDisabled>
    <label>Data_Limit</label>
    <precision>18</precision>
    <required>false</required>
    <scale>0</scale>
    <type>Number</type>
    <unique>false</unique>
</CustomField>
