<?xml version="1.0" encoding="UTF-8"?>
<CustomField xmlns="http://soap.sforce.com/2006/04/metadata">
    <fullName>UUID__c</fullName>
    <description>UUID</description>
    <externalDeveloperName>UUID</externalDeveloperName>
    <externalId>false</externalId>
    <isFilteringDisabled>false</isFilteringDisabled>
    <isNameField>false</isNameField>
    <isSortingDisabled>false</isSortingDisabled>
    <label>UUID</label>
    <length>128</length>
    <referenceTargetField>User.Phone_UUID__c</referenceTargetField>
    <referenceTo>User</referenceTo>
    <relationshipName>phones</relationshipName>
    <type>IndirectLookup</type>
</CustomField>
