<?xml version="1.0" encoding="UTF-8"?>
<CustomField xmlns="http://soap.sforce.com/2006/04/metadata">
    <fullName>Session__c</fullName>
    <externalId>false</externalId>
    <label>Session</label>
    <referenceTo>Session__c</referenceTo>
    <relationshipLabel>Speakers</relationshipLabel>
    <relationshipName>Session_Speakers</relationshipName>
    <relationshipOrder>0</relationshipOrder>
    <reparentableMasterDetail>false</reparentableMasterDetail>
    <trackTrending>false</trackTrending>
    <type>MasterDetail</type>
    <writeRequiresMasterRead>false</writeRequiresMasterRead>
</CustomField>
