<?xml version="1.0" encoding="UTF-8"?>
<CustomField xmlns="http://soap.sforce.com/2006/04/metadata">
    <fullName>Speaker__c</fullName>
    <externalId>false</externalId>
    <label>Speaker</label>
    <referenceTo>Speaker__c</referenceTo>
    <relationshipLabel>Sessions</relationshipLabel>
    <relationshipName>Session_Speakers</relationshipName>
    <relationshipOrder>1</relationshipOrder>
    <reparentableMasterDetail>false</reparentableMasterDetail>
    <trackTrending>false</trackTrending>
    <type>MasterDetail</type>
    <writeRequiresMasterRead>false</writeRequiresMasterRead>
</CustomField>
